Sn,CustomerID,StartDate,EndDate,Status,MonthlyRevenue,Region,PlanType,LastLogin,SupportTickets,NPS,Subscription Duration (Month),Total Revenue,Avg Churned Months (Seg),CLTV
1,CUST1000,2021-04-13 0:00:00,2022-12-11 0:00:00,Churned,499,West,Premium,2025-06-22 12:28:49,2,7,19,9481,9.33,9481
2,CUST1001,2022-03-12 0:00:00,2023-11-05 0:00:00,Churned,199,West,Enterprise,2025-07-24 12:28:49,1,6,19,3781,18.89,3781
3,CUST1002,2023-05-11 0:00:00,2025-03-16 0:00:00,Churned,499,North,Basic,2025-06-23 12:28:49,1,8,22,10978,16.73,10978
4,CUST1003,2021-09-28 0:00:00,,Active,799,West,Premium,2025-06-22 12:28:49,1,3,46,36754,9.33,36754
5,CUST1004,2021-04-17 0:00:00,,Active,299,North,Basic,2025-07-18 12:28:49,2,1,51,15249,16.73,15249
6,CUST1005,2021-03-13 0:00:00,,Active,199,West,Enterprise,2025-06-30 12:28:49,2,6,53,10547,18.89,10547
7,CUST1006,2022-12-02 0:00:00,2024-10-01 0:00:00,Churned,999,South,Standard,2025-06-11 12:28:49,1,5,21,20979,11.14,20979
8,CUST1007,2021-01-21 0:00:00,2022-02-02 0:00:00,Churned,799,West,Premium,2025-06-24 12:28:49,2,0,12,9588,9.33,9588
9,CUST1008,2022-09-07 0:00:00,,Active,199,West,Basic,2025-06-29 12:28:49,2,10,35,6965,9.50,6965
10,CUST1009,2021-05-02 0:00:00,2022-06-20 0:00:00,Churned,999,East,Basic,2025-07-09 12:28:49,0,8,13,12987,12.50,12987
11,CUST1010,2022-04-12 0:00:00,,Active,199,North,Premium,2025-07-17 12:28:49,1,8,40,7960,14.80,7960
12,CUST1011,2021-08-03 0:00:00,,Active,499,West,Standard,2025-06-29 12:28:49,1,1,48,23952,9.00,23952
13,CUST1012,2021-11-27 0:00:00,2022-09-11 0:00:00,Churned,199,West,Standard,2025-07-07 12:28:49,6,2,9,1791,9.00,1791
14,CUST1013,2022-04-04 0:00:00,,Active,199,East,Standard,2025-07-15 12:28:49,1,4,40,7960,1.67,7960
15,CUST1014,2021-03-29 0:00:00,2023-02-05 0:00:00,Churned,199,East,Enterprise,2025-06-29 12:28:49,0,4,22,4378,15.63,4378
16,CUST1015,2022-01-08 0:00:00,,Active,799,North,Basic,2025-06-15 12:28:49,2,0,43,34357,16.73,34357
17,CUST1016,2021-04-10 0:00:00,2021-12-29 0:00:00,Churned,199,East,Basic,2025-06-07 12:28:49,3,7,8,1592,12.50,2487.5
18,CUST1017,2023-05-22 0:00:00,,Active,999,South,Basic,2025-07-30 12:28:49,6,7,26,25974,13.38,25974
19,CUST1018,2022-10-26 0:00:00,2023-12-03 0:00:00,Churned,499,East,Enterprise,2025-07-18 12:28:49,1,3,13,6487,15.63,7796.875
20,CUST1019,2021-05-11 0:00:00,,Active,499,South,Basic,2025-06-09 12:28:49,0,6,51,25449,13.38,25449
21,CUST1020,2022-10-24 0:00:00,2023-03-15 0:00:00,Churned,199,North,Enterprise,2025-06-22 12:28:49,3,10,4,796,12.86,2558.571429
22,CUST1021,2021-11-05 0:00:00,,Active,799,North,Standard,2025-06-22 12:28:49,5,9,45,35955,10.20,35955
23,CUST1022,2023-02-09 0:00:00,,Active,799,North,Premium,2025-06-11 12:28:49,2,2,30,23970,14.80,23970
24,CUST1023,2021-12-10 0:00:00,,Active,999,North,Basic,2025-06-23 12:28:49,2,5,44,43956,16.73,43956
25,CUST1024,2022-05-07 0:00:00,2023-06-27 0:00:00,Churned,199,North,Basic,2025-06-11 12:28:49,2,9,13,2587,16.73,3328.727273
26,CUST1025,2022-02-18 0:00:00,,Active,499,South,Standard,2025-07-26 12:28:49,2,9,41,20459,11.14,20459
27,CUST1026,2023-03-17 0:00:00,,Active,799,South,Premium,2025-07-26 12:28:49,3,8,28,22372,15.00,22372
28,CUST1027,2022-01-21 0:00:00,,Active,199,North,Enterprise,2025-07-29 12:28:49,2,0,42,8358,12.86,8358
29,CUST1028,2021-07-11 0:00:00,2023-05-13 0:00:00,Churned,799,East,Premium,2025-07-25 12:28:49,2,4,22,17578,16.00,17578
30,CUST1029,2021-10-04 0:00:00,,Active,799,West,Standard,2025-06-11 12:28:49,2,3,46,36754,9.00,36754
31,CUST1030,2021-06-10 0:00:00,,Active,499,North,Standard,2025-07-24 12:28:49,4,7,50,24950,10.20,24950
32,CUST1031,2022-04-05 0:00:00,,Active,299,East,Premium,2025-06-20 12:28:49,2,10,40,11960,16.00,11960
33,CUST1032,2021-11-10 0:00:00,2023-09-08 0:00:00,Churned,999,West,Enterprise,2025-06-10 12:28:49,1,0,21,20979,18.89,20979
34,CUST1033,2021-01-22 0:00:00,,Active,999,North,Enterprise,2025-07-17 12:28:49,1,8,54,53946,12.86,53946
35,CUST1034,2021-09-10 0:00:00,,Active,499,North,Basic,2025-06-15 12:28:49,0,5,47,23453,16.73,23453
36,CUST1035,2023-01-18 0:00:00,2024-04-07 0:00:00,Churned,799,South,Enterprise,2025-07-03 12:28:49,1,3,14,11186,4.88,11186
37,CUST1036,2023-05-07 0:00:00,2024-08-17 0:00:00,Churned,199,West,Premium,2025-06-29 12:28:49,1,8,15,2985,9.33,2985
38,CUST1037,2022-07-15 0:00:00,2022-12-14 0:00:00,Churned,799,West,Standard,2025-06-10 12:28:49,2,10,4,3196,9.00,7191
39,CUST1038,2022-04-20 0:00:00,,Active,499,East,Basic,2025-07-02 12:28:49,3,4,39,19461,12.50,19461
40,CUST1039,2021-02-28 0:00:00,2022-11-29 0:00:00,Churned,999,South,Basic,2025-06-23 12:28:49,2,4,21,20979,13.38,20979
41,CUST1040,2022-05-26 0:00:00,2023-11-17 0:00:00,Churned,799,South,Standard,2025-07-05 12:28:49,0,4,17,13583,11.14,13583
42,CUST1041,2022-11-13 0:00:00,,Active,999,South,Enterprise,2025-06-26 12:28:49,1,0,33,32967,4.88,32967
43,CUST1042,2022-04-21 0:00:00,2022-09-21 0:00:00,Churned,199,South,Standard,2025-07-03 12:28:49,4,0,5,995,11.14,2217.428571
44,CUST1043,2022-12-01 0:00:00,2024-04-07 0:00:00,Churned,999,West,Enterprise,2025-06-24 12:28:49,3,7,16,15984,18.89,18870
45,CUST1044,2023-02-22 0:00:00,,Active,999,West,Standard,2025-06-05 12:28:49,1,7,29,28971,9.00,28971
46,CUST1045,2021-07-09 0:00:00,2022-09-14 0:00:00,Churned,299,North,Premium,2025-06-29 12:28:49,1,5,14,4186,14.80,4425.2
47,CUST1046,2022-11-18 0:00:00,2024-05-11 0:00:00,Churned,299,North,Enterprise,2025-06-25 12:28:49,3,10,17,5083,12.86,5083
48,CUST1047,2022-07-17 0:00:00,,Active,299,South,Premium,2025-07-05 12:28:49,2,3,36,10764,15.00,10764
49,CUST1048,2023-05-26 0:00:00,2024-10-25 0:00:00,Churned,999,South,Basic,2025-06-07 12:28:49,1,1,16,15984,13.38,15984
50,CUST1049,2022-07-21 0:00:00,2024-05-20 0:00:00,Churned,499,South,Standard,2025-06-29 12:28:49,2,1,21,10479,11.14,10479
51,CUST1050,2021-09-01 0:00:00,2023-07-03 0:00:00,Churned,999,North,Basic,2025-07-28 12:28:49,0,8,22,21978,16.73,21978
52,CUST1051,2023-04-12 0:00:00,2024-08-26 0:00:00,Churned,499,East,Basic,2025-07-10 12:28:49,0,4,16,7984,12.50,7984
53,CUST1052,2022-05-20 0:00:00,,Active,499,East,Basic,2025-07-30 12:28:49,0,3,38,18962,12.50,18962
54,CUST1053,2021-05-11 0:00:00,2022-04-03 0:00:00,Churned,299,North,Basic,2025-07-22 12:28:49,1,9,10,2990,16.73,5001.454545
55,CUST1054,2022-04-30 0:00:00,,Active,799,North,Standard,2025-07-27 12:28:49,0,0,39,31161,10.20,31161
56,CUST1055,2023-03-30 0:00:00,2024-04-08 0:00:00,Churned,199,North,Basic,2025-06-03 12:28:49,3,6,12,2388,16.73,3328.727273
57,CUST1056,2022-10-09 0:00:00,2024-06-01 0:00:00,Churned,299,North,Standard,2025-07-22 12:28:49,2,2,19,5681,10.20,5681
58,CUST1057,2021-01-21 0:00:00,,Active,299,North,Standard,2025-06-29 12:28:49,5,5,54,16146,10.20,16146
59,CUST1058,2023-04-21 0:00:00,2024-01-29 0:00:00,Churned,799,North,Premium,2025-06-08 12:28:49,4,4,9,7191,14.80,11825.2
60,CUST1059,2021-06-16 0:00:00,2021-08-21 0:00:00,Churned,199,South,Enterprise,2025-06-24 12:28:49,1,4,2,398,4.88,970.125
61,CUST1060,2021-10-01 0:00:00,2021-11-08 0:00:00,Churned,999,South,Enterprise,2025-07-19 12:28:49,3,10,1,999,4.88,4870.125
62,CUST1061,2022-01-23 0:00:00,,Active,999,South,Standard,2025-07-01 12:28:49,1,4,42,41958,11.14,41958
63,CUST1062,2022-08-24 0:00:00,2023-04-18 0:00:00,Churned,299,South,Premium,2025-06-15 12:28:49,1,0,7,2093,15.00,4485
64,CUST1063,2021-11-12 0:00:00,2022-05-12 0:00:00,Churned,199,North,Standard,2025-06-26 12:28:49,0,0,6,1194,10.20,2029.8
65,CUST1064,2021-01-14 0:00:00,,Active,299,East,Standard,2025-06-17 12:28:49,3,2,54,16146,1.67,16146
66,CUST1065,2021-08-30 0:00:00,2023-06-18 0:00:00,Churned,499,West,Standard,2025-07-08 12:28:49,2,9,21,10479,9.00,10479
67,CUST1066,2023-02-16 0:00:00,,Active,299,North,Premium,2025-06-10 12:28:49,2,3,29,8671,14.80,8671
68,CUST1067,2021-12-12 0:00:00,,Active,299,West,Enterprise,2025-06-06 12:28:49,3,4,44,13156,18.89,13156
69,CUST1068,2022-07-19 0:00:00,2023-04-28 0:00:00,Churned,999,East,Premium,2025-07-17 12:28:49,2,1,9,8991,16.00,15984
70,CUST1069,2023-06-17 0:00:00,,Active,999,South,Basic,2025-07-03 12:28:49,3,7,25,24975,13.38,24975
71,CUST1070,2021-12-06 0:00:00,,Active,999,East,Premium,2025-07-24 12:28:49,2,10,44,43956,16.00,43956
72,CUST1071,2021-04-02 0:00:00,2022-04-04 0:00:00,Churned,499,North,Premium,2025-07-27 12:28:49,2,10,12,5988,14.80,7385.2
73,CUST1072,2022-01-02 0:00:00,,Active,999,South,Premium,2025-07-03 12:28:49,0,1,43,42957,15.00,42957
74,CUST1073,2022-03-31 0:00:00,,Active,199,North,Premium,2025-06-15 12:28:49,2,8,40,7960,14.80,7960
75,CUST1074,2022-03-04 0:00:00,2022-09-10 0:00:00,Churned,799,South,Enterprise,2025-07-28 12:28:49,0,1,6,4794,4.88,4794
76,CUST1075,2022-05-24 0:00:00,,Active,199,West,Basic,2025-07-20 12:28:49,0,8,38,7562,9.50,7562
77,CUST1076,2023-02-15 0:00:00,,Active,199,West,Enterprise,2025-06-17 12:28:49,0,6,29,5771,18.89,5771
78,CUST1077,2021-02-04 0:00:00,,Active,999,West,Enterprise,2025-07-30 12:28:49,0,7,54,53946,18.89,53946
79,CUST1078,2021-07-25 0:00:00,,Active,799,East,Premium,2025-07-05 12:28:49,2,10,48,38352,16.00,38352
80,CUST1079,2021-03-22 0:00:00,2021-11-01 0:00:00,Churned,799,North,Standard,2025-07-01 12:28:49,1,1,7,5593,10.20,8149.8
81,CUST1080,2022-07-16 0:00:00,2022-09-16 0:00:00,Churned,799,East,Standard,2025-06-11 12:28:49,1,6,2,1598,1.67,1598
82,CUST1081,2023-05-22 0:00:00,2024-10-02 0:00:00,Churned,499,West,Enterprise,2025-06-11 12:28:49,1,5,16,7984,18.89,9425.555556
83,CUST1082,2022-01-23 0:00:00,,Active,999,North,Enterprise,2025-06-26 12:28:49,1,3,42,41958,12.86,41958
84,CUST1083,2021-01-02 0:00:00,,Active,799,West,Premium,2025-06-26 12:28:49,3,6,55,43945,9.33,43945
85,CUST1084,2022-01-25 0:00:00,2023-02-23 0:00:00,Churned,499,East,Enterprise,2025-07-06 12:28:49,1,3,12,5988,15.63,7796.875
86,CUST1085,2022-07-20 0:00:00,,Active,299,East,Premium,2025-06-19 12:28:49,0,1,36,10764,16.00,10764
87,CUST1086,2021-04-16 0:00:00,2021-06-11 0:00:00,Churned,299,East,Standard,2025-07-05 12:28:49,1,9,1,299,1.67,498.3333333
88,CUST1087,2023-02-11 0:00:00,2024-11-10 0:00:00,Churned,499,West,Standard,2025-07-27 12:28:49,2,6,20,9980,9.00,9980
89,CUST1088,2023-04-02 0:00:00,2024-08-24 0:00:00,Churned,499,North,Basic,2025-07-12 12:28:49,6,7,16,7984,16.73,8346.909091
90,CUST1089,2022-04-22 0:00:00,,Active,999,North,Standard,2025-07-21 12:28:49,0,1,39,38961,10.20,38961
91,CUST1090,2022-12-04 0:00:00,2024-10-22 0:00:00,Churned,999,West,Enterprise,2025-07-22 12:28:49,2,4,22,21978,18.89,21978
92,CUST1091,2022-02-06 0:00:00,2022-09-15 0:00:00,Churned,299,North,Standard,2025-06-22 12:28:49,1,0,7,2093,10.20,3049.8
93,CUST1092,2022-12-31 0:00:00,2023-02-15 0:00:00,Churned,799,West,Premium,2025-06-24 12:28:49,0,6,1,799,9.33,7457.333333
94,CUST1093,2022-07-10 0:00:00,2023-01-13 0:00:00,Churned,299,North,Standard,2025-07-26 12:28:49,1,7,6,1794,10.20,3049.8
95,CUST1094,2021-06-11 0:00:00,2022-07-18 0:00:00,Churned,799,South,Basic,2025-07-24 12:28:49,4,5,13,10387,13.38,10686.625
96,CUST1095,2021-07-21 0:00:00,2021-09-25 0:00:00,Churned,799,South,Standard,2025-07-09 12:28:49,2,4,2,1598,11.14,8903.142857
97,CUST1096,2021-09-27 0:00:00,2023-03-07 0:00:00,Churned,999,East,Premium,2025-06-15 12:28:49,1,5,17,16983,16.00,16983
98,CUST1097,2023-05-13 0:00:00,2025-02-07 0:00:00,Churned,199,South,Premium,2025-07-06 12:28:49,3,1,20,3980,15.00,3980
99,CUST1098,2023-03-27 0:00:00,2023-08-19 0:00:00,Churned,199,South,Enterprise,2025-06-16 12:28:49,2,0,4,796,4.88,970.125
100,CUST1099,2021-09-28 0:00:00,,Active,499,South,Standard,2025-06-19 12:28:49,3,6,46,22954,11.14,22954
101,CUST1100,2022-04-01 0:00:00,,Active,999,West,Premium,2025-07-20 12:28:49,1,6,40,39960,9.33,39960
102,CUST1101,2022-04-07 0:00:00,2023-01-17 0:00:00,Churned,799,South,Basic,2025-07-06 12:28:49,0,9,9,7191,13.38,10686.625
103,CUST1102,2022-12-28 0:00:00,,Active,199,South,Enterprise,2025-07-19 12:28:49,1,10,31,6169,4.88,6169
104,CUST1103,2021-09-09 0:00:00,,Active,799,East,Basic,2025-06-22 12:28:49,3,9,47,37553,12.50,37553
105,CUST1104,2022-12-03 0:00:00,,Active,199,South,Standard,2025-07-14 12:28:49,1,1,32,6368,11.14,6368
106,CUST1105,2021-10-23 0:00:00,2022-10-10 0:00:00,Churned,199,South,Standard,2025-07-07 12:28:49,1,1,11,2189,11.14,2217.428571
107,CUST1106,2022-12-26 0:00:00,2024-10-11 0:00:00,Churned,199,North,Standard,2025-06-29 12:28:49,2,0,21,4179,10.20,4179
108,CUST1107,2022-12-21 0:00:00,2024-11-12 0:00:00,Churned,999,East,Enterprise,2025-06-15 12:28:49,2,9,22,21978,15.63,21978
109,CUST1108,2023-01-19 0:00:00,,Active,299,East,Premium,2025-06-22 12:28:49,4,7,30,8970,16.00,8970
110,CUST1109,2021-12-04 0:00:00,2023-01-23 0:00:00,Churned,799,East,Enterprise,2025-06-19 12:28:49,3,7,13,10387,15.63,12484.375
111,CUST1110,2023-05-29 0:00:00,,Active,999,East,Basic,2025-07-20 12:28:49,1,0,26,25974,12.50,25974
112,CUST1111,2021-02-22 0:00:00,2022-04-20 0:00:00,Churned,999,East,Enterprise,2025-06-18 12:28:49,0,10,13,12987,15.63,15609.375
113,CUST1112,2023-03-03 0:00:00,2023-09-24 0:00:00,Churned,999,East,Basic,2025-06-26 12:28:49,0,7,6,5994,12.50,12487.5
114,CUST1113,2021-08-05 0:00:00,2023-02-23 0:00:00,Churned,999,West,Enterprise,2025-06-14 12:28:49,1,8,18,17982,18.89,18870
115,CUST1114,2023-02-03 0:00:00,2024-04-15 0:00:00,Churned,999,South,Premium,2025-07-28 12:28:49,1,3,14,13986,15.00,14985
116,CUST1115,2021-07-07 0:00:00,2022-12-24 0:00:00,Churned,499,East,Basic,2025-07-27 12:28:49,1,0,17,8483,12.50,8483
117,CUST1116,2022-01-15 0:00:00,,Active,799,South,Standard,2025-06-06 12:28:49,4,0,42,33558,11.14,33558
118,CUST1117,2022-05-08 0:00:00,2022-06-26 0:00:00,Churned,999,South,Standard,2025-06-25 12:28:49,1,2,1,999,11.14,11131.71429
119,CUST1118,2021-02-10 0:00:00,2022-08-05 0:00:00,Churned,799,West,Enterprise,2025-07-24 12:28:49,1,4,17,13583,18.89,15092.22222
120,CUST1119,2021-06-06 0:00:00,,Active,499,East,Standard,2025-06-20 12:28:49,2,4,50,24950,1.67,24950
121,CUST1120,2021-01-15 0:00:00,,Active,499,North,Basic,2025-06-13 12:28:49,0,8,54,26946,16.73,26946
122,CUST1121,2023-03-24 0:00:00,2023-09-12 0:00:00,Churned,799,West,Standard,2025-07-04 12:28:49,0,9,5,3995,9.00,7191
123,CUST1122,2021-03-06 0:00:00,,Active,199,North,Premium,2025-07-01 12:28:49,1,1,53,10547,14.80,10547
124,CUST1123,2023-05-07 0:00:00,,Active,299,South,Premium,2025-06-04 12:28:49,0,1,27,8073,15.00,8073
125,CUST1124,2023-04-19 0:00:00,2023-07-08 0:00:00,Churned,199,South,Enterprise,2025-07-23 12:28:49,1,5,2,398,4.88,970.125
126,CUST1125,2022-06-05 0:00:00,,Active,199,West,Basic,2025-06-08 12:28:49,1,8,38,7562,9.50,7562
127,CUST1126,2021-12-10 0:00:00,2022-05-13 0:00:00,Churned,199,West,Premium,2025-06-11 12:28:49,1,0,5,995,9.33,1857.333333
128,CUST1127,2021-05-09 0:00:00,2022-12-29 0:00:00,Churned,999,North,Premium,2025-07-03 12:28:49,2,8,19,18981,14.80,18981
129,CUST1128,2022-10-10 0:00:00,,Active,499,East,Basic,2025-07-18 12:28:49,0,8,34,16966,12.50,16966
130,CUST1129,2022-04-17 0:00:00,,Active,199,North,Standard,2025-06-22 12:28:49,2,8,39,7761,10.20,7761
131,CUST1130,2021-03-04 0:00:00,2021-05-26 0:00:00,Churned,499,West,Standard,2025-06-21 12:28:49,2,4,2,998,9.00,4491
132,CUST1131,2021-05-19 0:00:00,2023-02-20 0:00:00,Churned,799,North,Enterprise,2025-07-10 12:28:49,3,8,21,16779,12.86,16779
133,CUST1132,2022-05-14 0:00:00,2022-08-04 0:00:00,Churned,299,West,Standard,2025-07-21 12:28:49,0,10,2,598,9.00,2691
134,CUST1133,2022-08-16 0:00:00,,Active,799,North,Basic,2025-07-09 12:28:49,4,3,35,27965,16.73,27965
135,CUST1134,2022-01-27 0:00:00,2022-06-08 0:00:00,Churned,799,West,Premium,2025-07-31 12:28:49,2,1,4,3196,9.33,7457.333333
136,CUST1135,2022-11-06 0:00:00,,Active,999,West,Standard,2025-06-16 12:28:49,3,5,33,32967,9.00,32967
137,CUST1136,2022-02-23 0:00:00,,Active,299,West,Enterprise,2025-06-25 12:28:49,0,3,41,12259,18.89,12259
138,CUST1137,2021-10-16 0:00:00,2021-12-31 0:00:00,Churned,799,East,Standard,2025-07-11 12:28:49,0,5,2,1598,1.67,1598
139,CUST1138,2022-01-14 0:00:00,2023-11-30 0:00:00,Churned,799,North,Basic,2025-07-06 12:28:49,2,2,22,17578,16.73,17578
140,CUST1139,2023-02-12 0:00:00,2024-12-08 0:00:00,Churned,299,North,Enterprise,2025-06-16 12:28:49,3,5,21,6279,12.86,6279
141,CUST1140,2022-05-05 0:00:00,2024-03-23 0:00:00,Churned,299,North,Standard,2025-06-26 12:28:49,2,1,22,6578,10.20,6578
142,CUST1141,2021-08-19 0:00:00,2023-05-14 0:00:00,Churned,799,West,Enterprise,2025-06-08 12:28:49,0,1,20,15980,18.89,15980
143,CUST1142,2021-02-10 0:00:00,2022-02-20 0:00:00,Churned,299,North,Basic,2025-07-09 12:28:49,2,8,12,3588,16.73,5001.454545
144,CUST1143,2021-01-28 0:00:00,,Active,799,North,Premium,2025-06-05 12:28:49,5,6,54,43146,14.80,43146
145,CUST1144,2021-05-15 0:00:00,2021-10-18 0:00:00,Churned,799,West,Basic,2025-07-31 12:28:49,1,2,5,3995,9.50,7590.5
146,CUST1145,2021-07-20 0:00:00,2023-05-21 0:00:00,Churned,999,South,Basic,2025-06-08 12:28:49,2,10,22,21978,13.38,21978
147,CUST1146,2023-04-20 0:00:00,,Active,199,West,Basic,2025-06-07 12:28:49,3,0,27,5373,9.50,5373
148,CUST1147,2023-02-19 0:00:00,,Active,799,North,Basic,2025-06-11 12:28:49,1,7,29,23171,16.73,23171
149,CUST1148,2021-02-02 0:00:00,,Active,499,West,Premium,2025-06-22 12:28:49,0,5,54,26946,9.33,26946
150,CUST1149,2021-02-17 0:00:00,2022-09-29 0:00:00,Churned,199,South,Premium,2025-07-17 12:28:49,0,6,19,3781,15.00,3781
151,CUST1150,2022-05-18 0:00:00,,Active,199,West,Enterprise,2025-07-11 12:28:49,0,8,38,7562,18.89,7562
152,CUST1151,2022-02-11 0:00:00,2022-12-09 0:00:00,Churned,199,North,Standard,2025-06-15 12:28:49,2,4,9,1791,10.20,2029.8
153,CUST1152,2022-07-28 0:00:00,2023-11-16 0:00:00,Churned,999,South,Premium,2025-07-23 12:28:49,2,0,15,14985,15.00,14985
154,CUST1153,2022-12-29 0:00:00,,Active,799,East,Premium,2025-06-09 12:28:49,1,9,31,24769,16.00,24769
155,CUST1154,2023-03-16 0:00:00,2023-06-29 0:00:00,Churned,999,North,Standard,2025-07-23 12:28:49,1,6,3,2997,10.20,10189.8
156,CUST1155,2021-04-09 0:00:00,2022-07-17 0:00:00,Churned,799,South,Premium,2025-07-22 12:28:49,2,4,15,11985,15.00,11985
157,CUST1156,2022-11-15 0:00:00,2023-09-25 0:00:00,Churned,999,South,Basic,2025-06-10 12:28:49,1,2,10,9990,13.38,13361.625
158,CUST1157,2023-05-22 0:00:00,,Active,999,East,Basic,2025-06-05 12:28:49,0,8,26,25974,12.50,25974
159,CUST1158,2022-12-27 0:00:00,,Active,499,West,Standard,2025-06-09 12:28:49,1,0,31,15469,9.00,15469
160,CUST1159,2022-07-01 0:00:00,,Active,999,West,Enterprise,2025-07-06 12:28:49,3,0,37,36963,18.89,36963
161,CUST1160,2023-01-09 0:00:00,2024-05-05 0:00:00,Churned,299,North,Enterprise,2025-06-21 12:28:49,2,0,15,4485,12.86,4485
162,CUST1161,2022-09-05 0:00:00,,Active,499,East,Standard,2025-06-27 12:28:49,6,2,35,17465,1.67,17465
163,CUST1162,2022-04-07 0:00:00,,Active,999,West,Standard,2025-06-10 12:28:49,1,5,40,39960,9.00,39960
164,CUST1163,2022-10-05 0:00:00,,Active,199,East,Basic,2025-07-07 12:28:49,0,9,34,6766,12.50,6766
165,CUST1164,2023-02-08 0:00:00,,Active,299,West,Enterprise,2025-07-06 12:28:49,1,10,30,8970,18.89,8970
166,CUST1165,2021-01-05 0:00:00,,Active,299,South,Premium,2025-07-21 12:28:49,1,2,55,16445,15.00,16445
167,CUST1166,2021-08-06 0:00:00,,Active,299,West,Basic,2025-06-24 12:28:49,3,7,48,14352,9.50,14352
168,CUST1167,2022-05-18 0:00:00,,Active,499,East,Standard,2025-07-30 12:28:49,2,9,38,18962,1.67,18962
169,CUST1168,2023-02-06 0:00:00,2023-06-15 0:00:00,Churned,999,South,Enterprise,2025-07-25 12:28:49,2,1,4,3996,4.88,4870.125
170,CUST1169,2022-02-02 0:00:00,,Active,999,South,Premium,2025-07-14 12:28:49,1,8,42,41958,15.00,41958
171,CUST1170,2023-05-21 0:00:00,,Active,199,South,Premium,2025-07-05 12:28:49,2,2,26,5174,15.00,5174
172,CUST1171,2023-03-06 0:00:00,2024-06-19 0:00:00,Churned,199,East,Basic,2025-06-28 12:28:49,2,4,15,2985,12.50,2985
173,CUST1172,2022-01-28 0:00:00,2023-01-17 0:00:00,Churned,299,North,Enterprise,2025-07-05 12:28:49,3,9,11,3289,12.86,3844.285714
174,CUST1173,2021-07-26 0:00:00,2021-09-09 0:00:00,Churned,199,North,Enterprise,2025-07-15 12:28:49,3,7,1,199,12.86,2558.571429
175,CUST1174,2021-01-15 0:00:00,,Active,499,North,Standard,2025-06-19 12:28:49,3,1,54,26946,10.20,26946
176,CUST1175,2023-05-08 0:00:00,2024-10-15 0:00:00,Churned,999,East,Enterprise,2025-06-03 12:28:49,3,5,17,16983,15.63,16983
177,CUST1176,2022-07-08 0:00:00,2023-01-13 0:00:00,Churned,299,South,Enterprise,2025-06-18 12:28:49,0,4,6,1794,4.88,1794
178,CUST1177,2023-06-11 0:00:00,2025-05-04 0:00:00,Churned,199,North,Basic,2025-06-03 12:28:49,0,9,22,4378,16.73,4378
179,CUST1178,2022-04-06 0:00:00,2023-05-20 0:00:00,Churned,499,East,Enterprise,2025-06-11 12:28:49,2,8,13,6487,15.63,7796.875
180,CUST1179,2022-11-22 0:00:00,,Active,499,North,Premium,2025-06-08 12:28:49,2,4,32,15968,14.80,15968
181,CUST1180,2022-07-29 0:00:00,2023-10-28 0:00:00,Churned,199,West,Basic,2025-07-08 12:28:49,1,1,14,2786,9.50,2786
182,CUST1181,2023-05-14 0:00:00,2025-01-09 0:00:00,Churned,999,North,Basic,2025-07-07 12:28:49,3,4,19,18981,16.73,18981
183,CUST1182,2023-01-13 0:00:00,2023-03-26 0:00:00,Churned,199,North,Standard,2025-07-25 12:28:49,0,3,2,398,10.20,2029.8
184,CUST1183,2021-08-29 0:00:00,,Active,299,South,Enterprise,2025-06-10 12:28:49,0,10,47,14053,4.88,14053
185,CUST1184,2022-07-18 0:00:00,,Active,199,East,Standard,2025-07-26 12:28:49,1,6,36,7164,1.67,7164
186,CUST1185,2021-04-06 0:00:00,,Active,499,South,Premium,2025-06-09 12:28:49,2,5,52,25948,15.00,25948
187,CUST1186,2023-06-19 0:00:00,,Active,199,South,Basic,2025-07-08 12:28:49,1,1,25,4975,13.38,4975
188,CUST1187,2023-01-04 0:00:00,,Active,999,South,Basic,2025-06-29 12:28:49,1,10,31,30969,13.38,30969
189,CUST1188,2022-04-30 0:00:00,2022-08-27 0:00:00,Churned,799,South,Basic,2025-06-13 12:28:49,1,10,3,2397,13.38,10686.625
190,CUST1189,2022-02-11 0:00:00,,Active,199,South,Premium,2025-07-03 12:28:49,3,4,42,8358,15.00,8358
191,CUST1190,2021-08-19 0:00:00,2023-05-12 0:00:00,Churned,999,North,Premium,2025-06-19 12:28:49,3,6,20,19980,14.80,19980
192,CUST1191,2023-01-19 0:00:00,,Active,999,South,Standard,2025-07-10 12:28:49,2,10,30,29970,11.14,29970
193,CUST1192,2022-10-17 0:00:00,,Active,499,South,Standard,2025-07-06 12:28:49,2,6,33,16467,11.14,16467
194,CUST1193,2021-06-20 0:00:00,,Active,999,East,Standard,2025-07-04 12:28:49,3,4,49,48951,1.67,48951
195,CUST1194,2022-06-25 0:00:00,2024-04-10 0:00:00,Churned,999,West,Enterprise,2025-06-12 12:28:49,1,8,21,20979,18.89,20979
196,CUST1195,2021-02-05 0:00:00,2022-04-23 0:00:00,Churned,999,North,Basic,2025-07-11 12:28:49,2,3,14,13986,16.73,16710.54545
197,CUST1196,2022-06-09 0:00:00,,Active,999,North,Basic,2025-06-13 12:28:49,2,10,38,37962,16.73,37962
198,CUST1197,2021-06-09 0:00:00,,Active,299,North,Standard,2025-07-25 12:28:49,2,2,50,14950,10.20,14950
199,CUST1198,2023-04-19 0:00:00,2024-06-15 0:00:00,Churned,299,South,Basic,2025-07-15 12:28:49,1,3,13,3887,13.38,3999.125
200,CUST1199,2022-11-30 0:00:00,,Active,499,South,Standard,2025-07-12 12:28:49,1,4,32,15968,11.14,15968